104,176,coxj,coxj@me.com,7b7a4ffddbeff5af094558823d89c180,20220201T060736Z,10
109,167,murphyb,murphyb@live.com,f8d719841ca35afa81d24ece73f93448,20220201T075606Z,0
110,153,johnsonj,johnsonj@sbcglobal.net,43063413d98c57c0b213b1e2a2533681,20220201T062538Z,0
113,148,andersona,andersona@google.com,e3e570afad12754c59f54a2d4ff58545,20220201T010030Z,0
114,161,rossc,rossc@aol.com,0f7ad7d63bbfa5e1d8fb914e3f539ee4,20220201T075001Z,0
115,121,andersonv,andersonv@sbcglobal.net,871437836135f14cb5202c201fbdd83f,20220201T005135Z,0
116,115,floresz,floresz@charter.net,df5314ecf5631d7a691d1682063e8d13,20220201T231251Z,0
117,169,riverap,riverap@games.com,5146fa5189b84a3222ab2c7ea97b20fc,20220201T201412Z,0
118,195,walkers,walkers@live.com,4de3948b89fca55310b8ce40b43c4755,20220201T190535Z,0
119,162,lewisz,lewisz@att.net,9c9fb3d6e834b4f1700e334d5c8892de,20220201T124424Z,0
120,182,youngv,youngv@games.com,da6426322ff7949d71c87afdb471dfb0,20220201T212056Z,11
121,155,colemanl,colemanl@gmail.com,e57b7e7af0f09f209c78d9c88c996a58,20220201T033630Z,0
122,199,ramirezb,ramirezb@outlook.com,5f391086727ee0fd8f1129efd4c84d4a,20220201T163114Z,0
123,184,johnsonj220,johnsonj220@bellsouth.net,abcd3656354176044a13dc5e83717ab0,20220201T030747Z,0
124,127,torresj,torresj@rocketmail.com,d7c466a918368f7a94f527a5cf499410,20220201T083905Z,0
125,179,thomass,thomass@hotmail.com,cd59ecd6d11c3c21622caea006663fec,20220201T181304Z,0
126,138,barneso,barneso@att.net,7285b1a8894f8b3a5bb3292d01decd85,20220201T082551Z,0
127,126,andersona464,andersona464@rocketmail.com,6de0ea2274dce5bca3bc58ef9f4d541c,20220201T144453Z,3
128,191,morrism,morrism@google.com,c1ed7923344c2eb564d61927fad31a97,20220201T180344Z,0
129,193,edwardss,edwardss@google.com,a8fda709e440772780a2f96e08604ca7,20220201T022505Z,0
130,174,bennette,bennette@juno.com,675b73cb949a96f978b0c732a28e9830,20220201T162311Z,1
138,136,grayg,grayg@inbox.com,aacdbc1bf01164c51e7f87a1728c98b4,20210813T083638Z,0
139,142,coxi,coxi@hotmail.com,984523539b4341247faa8d64d3880deb,20220201T035122Z,0
140,104,riveral,riveral@earthlink.net,1111fc1700c7ffe4ec93e607d8774d75,20220201T075748Z,0
141,196,alexandera,bashful69@juno.com,6fd1dad9ae6c7f0c30acea3819d144c4,20220201T042204Z,0
142,117,martind,martind@live.com,19ab30cfdbe9673bf1a64b98912ee75b,20220201T102713Z,0
143,158,allenw,allenw@juno.com,4d4b289cbc7a4c9a574b936f45abcc22,20210603T215133Z,0
144,150,bennettb,bennettb@me.com,5810ed0422114d932dc4c133ea5e55b0,20220201T170226Z,0
145,149,jamesa,jamesa@mac.com,563912894d0cf2a2e4e2c8562c0939f0,20220201T221000Z,0
155,123,longo,longo@email.com,175d4f0cc696b79672b0207c5bb51c04,20220201T021729Z,10
156,107,wrighta,wrighta@gmx.com,ac17cc1d81e738e8c77d1c4977d10c23,20220201T041757Z,0
157,115,harrisb,harrisb@email.com,5810ed0422114d932dc4c133ea5e55b0,20220201T183234Z,0
158,135,scottl,scottl@sbcglobal.net,9a601bb47f0cfa99e9ce279e44a522de,20220201T230925Z,0
159,167,rossl,rossl@verizon.net,baf449a7b48b4edf7e07efc0ccba2f7c,20220201T161143Z,0
160,126,cooperh,cooperh@gmx.com,8177020b0cea5ebb02967ec7b47c1498,20220201T195434Z,0
162,177,hayesm,hayesm@safe-mail.net,3cfacfec6ece5e5dc402476f06f21542,20220201T001325Z,0
163,154,thomaso,thomaso@safe-mail.net,38c27070a4778b75fa619325dadb2fc5,20220201T050312Z,0
164,196,stewartc,stewartc@earthlink.net,b108d6f76a049ee8ff3fa4ca1e3916db,20220201T025753Z,0
165,152,moorea,moorea@mac.com,393bb969bd7a95deec2bc8dcdadf6def,20200425T165827Z,0
166,172,alexanderd,alexanderd@me.com,92299e22f81c6d459d6141d04ab08ba4,20220201T002904Z,0
167,166,stewarts,stewarts@gmx.com,e6ecaa38a969207c3a76f715cb1f2239,20220201T201855Z,0
168,152,baileye,baileye@hotmail.com,9fb38c794d8ea809dd87dd68e0f125f3,20220201T210540Z,0
169,195,floress,floress@sbcglobal.net,ddd289256c362cf81bcc42bcb7fa8385,20220201T150840Z,0
170,157,kingo,kingo@facebook.com,8cb3c5db56e00bf8dd4c227fa6720a95,20220201T092831Z,0
171,169,gonzalezl,gonzalezl@me.com,91fd1fafa0f43d07705a23366acfb743,20220201T235740Z,0
173,186,evanst,evanst@mac.com,59ef0ef33c69913377ebe3b3dbd0a4b7,20220201T180837Z,0
174,108,millera,millera@earthlink.net,82b5f4a03fdd2607f1fa82cacd2c587d,20220201T232023Z,0
175,136,cooperv,sneezy34@google.com,8b9e059df75e57b6fcdc1b7c1450a55e,20220201T164411Z,0
176,194,cooka,cooka@att.net,dab69ee46cb96426d3fbfd0e73890555,20220201T042203Z,0
177,191,hayese,hayese@me.com,f3c8e95d0cbe7477fb74206ca6b4cee9,20220201T071834Z,0
178,125,wilsonw,wilsonw@comcast.net,5121924c050698355817e86a7203bb80,20220201T034607Z,0
179,132,johnsonl,johnsonl@facebook.com,cfbee48918d3c82faf9a51b49683010b,20220201T063254Z,0
180,106,floresl,floresl@mail.com,ddd289256c362cf81bcc42bcb7fa8385,20200418T230942Z,0
181,173,smithn,smithn@games.com,6a67388b503048a1352374dadaf39eae,20220201T142358Z,0
182,161,warda,warda@email.com,a68116ed7195f04fd5b3bb9d8a19e9aa,20220201T191501Z,0
183,165,walkere,walkere@earthlink.net,c0dfb1aaf6dd4464f04f2bdd5b530fa0,20220201T133038Z,0
184,114,hernandezl,dopey32@games.com,4c1c19c7f1d37da054078979e4b535a4,20220201T082203Z,0
185,152,davisc,davisc@hotmail.com,29725ae145b6cc212388fe4aa512b40f,20220201T111247Z,0
186,136,bryantl,bryantl@cox.net,e3757f28cb7c46c806afd3fd3f9cfc93,20220201T071645Z,0
187,155,wooda,wooda@comcast.net,88ef8d9801b9e72ab78580ea87b733e8,20220201T172157Z,0
188,107,bennettv,bennettv@gmail.com,1fa12801f1a619d077d4f7235c9e0fa0,20220201T180849Z,0
189,130,diazm,diazm@juno.com,7e74834f72697c38735274787c720a25,20220201T120836Z,0
190,173,bellw,bellw@att.net,220f1dea09bbb1461109fbc3a7c6adcf,20220201T144149Z,0
191,171,jonesj,jonesj@mail.com,eb6b21fa7985a973ed1af40124474b62,20220201T171601Z,0
192,125,baileyj,baileyj@mail.com,6aaa312822d608b4ea74e2728412cab1,20220201T200549Z,0
193,169,cooperj,cooperj@gmx.com,a579e59312e220bd9b87e35a58d1cdd8,20210910T153812Z,0
194,147,clarkl,clarkl@sbcglobal.net,3a453e9cd1e5f74f4d98e90b7deb54ce,20220201T054628Z,0
195,132,millern,millern@juno.com,90d962005da5d1bbf6cceb34fcf3b2bf,20201214T115906Z,12
196,171,parkerl,grumpy94@lavabit.com,1bfac6af4ad91adbe85323574e800d5c,20200912T150959Z,0
197,167,butlerc,butlerc@hotmail.com,57c0491f8caa1c48cc228fcfbbeaff3e,20200728T031529Z,0
198,163,gonzalezj,gonzalezj@facebook.com,f0db16657a96db4c0201385978626f69,20220201T220904Z,0
199,108,bennettb170,bennettb170@gmail.com,41e50bff517f636c63ba7dbfbdae37ea,20220201T123148Z,0
200,132,morgann,morgann@facebook.com,ad423c00ac45922104a6efa115c5c645,20220201T222538Z,0
201,178,coxc,coxc@google.com,25854a4afaebfb80c29b00f6d6aac92e,20220201T174206Z,0
202,183,cooka611,cooka611@outlook.com,7b6653770c84ddefd34562372f790877,20220201T181608Z,0
203,169,thomasl,thomasl@earthlink.net,c13a11649fbf36b8b214b9b9c1a09d2f,20220201T092631Z,0
204,197,allenh,allenh@mac.com,e5ab4fa95564c9d2ee94c1c0868ce7e0,20220201T095700Z,11
205,157,harrisj,harrisj@comcast.net,f5f9be47f5848ecade5e8ff0f5cf362c,20220201T142847Z,0
206,147,taylors,taylors@sbcglobal.net,9cc7f6c1511dda95d2fc521b5681e0ea,20220201T061427Z,0
215,118,adamsl,adamsl@lavabit.com,3978afd4e8d8689f983148f7ac377099,20220201T234415Z,0
216,157,taylorj,taylorj@inbox.com,5cbffe2c54fb91b963ed0dbce6d6a399,20201118T175905Z,0
217,125,barnesi,barnesi@hotmail.com,d792a0a9a31fad64e7b12ae63e2bd0ba,20220201T164907Z,0
218,166,lewisn,lewisn@comcast.net,9138d278e5907455ff5d77042acb02cb,20200209T014332Z,0
219,130,fostera,fostera@email.com,1a99f20a8a4fe19da2de8d1263c3cb83,20220201T172415Z,0
220,164,jenkinsc,jenkinsc@facebook.com,beb5708ce22ae1db05859dce0a41509f,20220201T171335Z,0
221,110,reeda,reeda@charter.net,4058f795c724eb8412224db71d5c57cd,20220201T143542Z,0
222,106,robertsl,robertsl@aol.com,e2cb15ad448cf522ab54fc24c8658c37,20220201T083849Z,0
223,138,petersonj,petersonj@gmx.com,351f3ad3608323ee9d18719aa7c7cb18,20220201T151631Z,0
224,179,morrisd,morrisd@charter.net,8d0f51b1d79a16aab66990377063b4d9,20220201T191107Z,8
233,180,lopezd,lopezd@verizon.net,6c4b8fa9df14ae01919ba2417edcdd97,20220201T160159Z,0
234,138,joness,joness@aol.com,6e8e2706edd2c854069398d2147c87d4,20220201T041902Z,0
235,132,thomasw,thomasw@facebook.com,6bdc2de8e536e252d6ccedc0efdcbb36,20220201T203710Z,0
236,109,hallj,hallj@sbcglobal.net,8dfcb1448e96e024889b6a86df04976e,20220201T181008Z,0
237,167,thomasc,thomasc@yahoo.com,5f4ff78cf5e11fc3fdae6eb35c3b0a41,20220201T115705Z,0
238,170,bryantj,bryantj@rocketmail.com,08dbcf5eda3229a3ab40fe6e0522406b,20220201T090711Z,0
239,136,millerm,millerm@juno.com,8fbf51f89b43be8b0b18d3b08f45df11,20220201T231132Z,0
240,190,thompsonb,thompsonb@aol.com,04f79bb5b86687805ab2b6b1ba893c63,20220201T210723Z,7
241,123,perryo,sleepy64@rocketmail.com,4df067ebf607bb26f15aeea27d2c4b90,20220201T202508Z,0
242,156,bryanta,bryanta@gmail.com,1eabd02f3a1b8e6f4382031e3f1e9426,20220201T015401Z,0
243,195,stewarth,stewarth@google.com,c82cba89ec9c7689dc9531451d244c55,20220201T060204Z,11
244,160,thompsonc,thompsonc@yahoo.com,df919cc832658816881fc58eef9a47fb,20220201T012754Z,10
245,134,gonzalezj206,gonzalezj206@facebook.com,ac365918b870ac5d80ce2b3374a15e6f,20220201T161340Z,4
246,199,harrise,harrise@mail.com,22dd37c2f2dd322f1c0e98fde2651e50,20220201T035711Z,0
247,117,wooda349,wooda349@games.com,28f3ce19d98beed7c9adf564661c1742,20220201T010045Z,0
248,110,butlere,butlere@games.com,fca55242a9be6b4e632ec555e012c11a,20220201T145802Z,0
249,182,sandersa,sandersa@comcast.net,6e0800cc7185bfcd0e70ee60d5f94fa4,20220201T012945Z,0
250,139,russellg,russellg@safe-mail.net,b702ab1e3413914236444a051468fba6,20220201T043426Z,0
251,159,whitel,whitel@me.com,d96bf16ad48aac1404ed06d184138269,20200921T004505Z,0
252,175,griffina,griffina@games.com,d2c53166fc5a3fea8d8d0f509264d4a9,20220201T094921Z,0
253,138,smithw,smithw@att.net,d1b1b93c63d6e1b7df94341cec23e138,20220201T065653Z,0
254,147,moorec,doc85@cox.net,04689eb4a9a7d0d40cfa70f7f4b15b1f,20220201T091328Z,0
255,151,andersonm,bashful75@google.com,1ad84e0a86a67a8eb6dee5a5718cd1d6,20220201T142538Z,4
256,110,hendersonl,hendersonl@juno.com,72a6031ddf957ab401fdd2dbc76e5d0d,20220201T204037Z,0
257,136,gonzalezc,gonzalezc@email.com,d26fedd3e2da7f393ebeee544dbf0c54,20220201T171825Z,0
258,158,colemanr,colemanr@charter.net,6dad8616177268572e6503072d30d191,20220201T094309Z,0
259,150,perezn,perezn@yahoo.com,c0017c48fa09c1426c741f306f4ac1ad,20220201T052108Z,0
260,112,harrisl,harrisl@sbcglobal.net,c6170112fe2864246544dde856709e45,20220201T150708Z,9
261,169,rogersb,rogersb@juno.com,915905377d346b5a73c437d320e818e2,20220201T121611Z,0
262,174,parkerc,parkerc@rocketmail.com,0022076fee759caed37db8b532048475,20220201T072643Z,0
263,196,sanchezs,sanchezs@verizon.net,1abc35c8eb32d272b9c3479fa318a55c,20220201T172238Z,0
264,191,campbella,campbella@juno.com,41db7922944519e1a3cbaabb32e79aab,20220201T064154Z,0
265,103,grayh,grayh@me.com,9736947961c2d5478e25ec8c97261c0d,20220201T172940Z,0
271,179,taylore,taylore@yahoo.com,bd661557db70fd84191677148b198277,20220201T122648Z,7
272,177,youngl,youngl@bellsouth.net,7a3733d264380bbd16d5a1a877b9d085,20220201T104301Z,0
273,182,murphye,murphye@sbcglobal.net,4aef39f527915fcefe88df24fac07925,20220201T083044Z,0
274,114,thomast,thomast@mac.com,8e84b2d0c79b8cd7dc98c3e4cc67c137,20220201T005535Z,0
275,196,griffinc,griffinc@bellsouth.net,2becc51765d63a4f7cac78e8fd947511,20220201T010259Z,0
279,167,mitchelll,mitchelll@charter.net,74d55e64d821305a8032d448a7e7d80c,20220201T134544Z,0
280,181,pattersonj,pattersonj@cox.net,bc53061a288e22c6fae16f66e30e3387,20220201T234502Z,0
281,158,adamsi,adamsi@sbcglobal.net,06873c54542aa53616054bf3f7964d10,20220201T120253Z,0
282,127,andersonc,andersonc@sbcglobal.net,4418234ba9159081ba39aab5cc966c28,20220201T094735Z,0
283,119,colemanj,colemanj@games.com,eb4e08f34b91e659ffe2473773add82e,20220201T121439Z,0
284,119,robertsm,robertsm@mail.com,17d29bbb924de55fdcd92a37f9e5acf9,20220201T230149Z,0
285,174,jacksona,jacksona@lavabit.com,9744968016879750d2cd252852bfe125,20220201T032752Z,0
286,118,jonese,jonese@sbcglobal.net,064ac4814d07b14b54c8a05427cbf77a,20220201T154343Z,0
287,132,whitel428,doc72@me.com,84f7953c5c8c3de6ee78e4cee17ebd80,20220201T125205Z,0
288,161,kellym,kellym@charter.net,f15213686f6fe3615bf4ad53569410b9,20220201T030234Z,0
289,148,pricem,pricem@earthlink.net,42dbba536e3788a01ce2a2467ce20b80,20220201T143713Z,0
290,116,rossa,rossa@google.com,eb414b58bc1bc0a1a5bb7e812a17ccf0,20220201T102602Z,0
291,107,jacksona80,jacksona80@aol.com,f60a017886645d09a7235ff89dc0a4a6,20220201T115329Z,0
292,115,pereze,pereze@charter.net,91fd1fafa0f43d07705a23366acfb743,20220201T030844Z,0
293,162,howardj,howardj@me.com,56bd2380ed1b01347d3ee6b6a21952d1,20220201T103618Z,0
294,120,cookb,cookb@aol.com,f35d5e4466a87b57b9c20c9483936c5a,20220201T023641Z,0
295,149,mitchella,mitchella@inbox.com,42cd1d89691e42deb7201f4451c1b601,20220201T065450Z,0
301,157,thomasg,thomasg@live.com,8ec22fc05667ae2c3dc2c5d11ccc818e,20220201T114014Z,0
302,168,pricee,pricee@charter.net,1e7ff2d2a27cd5f418b965ebfde20ddb,20220201T120359Z,0
307,155,johnsonn,johnsonn@verizon.net,2843011985f1be3d4d7964bc1fd1296d,20220201T012754Z,9
308,169,greenl,greenl@gmx.com,cc039d2e68084fcadab7761dbf5c402d,20220201T005512Z,0
309,153,stewartl,stewartl@lavabit.com,48b7bd8a199c15b22cffa1964afd5f3b,20220201T220330Z,0
310,174,longr,longr@outlook.com,f43b82a3d515478b152a15862872ca9c,20220201T043207Z,0
311,155,colemane,colemane@email.com,2fd6a3f1b22e74e95ca257f1a2fda72f,20220201T051438Z,0
312,185,colemanj37,colemanj37@comcast.net,c626c994e387c53f008b6b8c5c4b93ad,20220201T040028Z,0
313,195,watsonl,watsonl@att.net,1aaa93f900a46103b7c85d243269287d,20220201T171119Z,0
314,168,carters,carters@bellsouth.net,4ed93cebc9e4b7428d6e3a5013665019,20220201T132259Z,0
315,196,morrisg,morrisg@gmail.com,345637fcdbcb57a0982134b81c4451b7,20200110T080238Z,0
321,170,harrish,happy45@me.com,272c48da572279db5ba793a652ed907d,20220201T052758Z,0
322,141,bryantj436,bashful55@charter.net,abe73626198d599ea8e294ebc23aa4cd,20211219T171501Z,0
323,193,harrise702,harrise702@google.com,aab8b1806ce2bfb7682466470fa72b62,20220201T055808Z,0
324,131,grays,grays@outlook.com,0cad7e222fc29c5e983774cf4dd8caa0,20220201T042941Z,0
325,172,stewarte,doc50@safe-mail.net,ea8393ec953079551f039f73d82e642f,20220201T104628Z,0
326,145,edwardsa,edwardsa@google.com,09572725f1b0360f9e8ceb245e977dfd,20220201T151537Z,0
327,120,murphyj,murphyj@juno.com,6e15a99408a271e59f12e1be1eac3506,20201105T163714Z,0
328,192,barnesg,barnesg@email.com,03ee0ded188beddba9316d7db62b9f29,20220201T212000Z,0
329,141,martinezn,martinezn@bellsouth.net,205d7327d3035f6f75c68656406efda7,20220201T051344Z,0
330,116,butlerz,butlerz@safe-mail.net,10af30bd630b9271275aaa4053ce17c3,20220201T061743Z,0
331,116,rodriguezt,rodriguezt@outlook.com,2536a97c26e6ef2449381a67b30e4f56,20220201T212509Z,10
332,130,coxl,coxl@gmx.com,53bc987835732866564af6a81043a164,20220201T092233Z,0
333,131,rodriguezb,happy91@charter.net,8e1b5e9a7ca7703d4e10837068fa4c1a,20220201T223443Z,0
342,194,morganh,morganh@live.com,1eb864258be424cecd17de22c51f8477,20220201T124626Z,0
343,175,browng,browng@earthlink.net,92ec91dfbc81cb3f4776176d096d8808,20220201T222235Z,0
344,175,simmonsv,simmonsv@verizon.net,73ec2800cb4cd23a5859c6cd0bc7403a,20220201T123525Z,0
345,162,hernandezv,hernandezv@live.com,0d9015862322829a88c0b980222017f2,20220201T141515Z,0
346,196,woode,grumpy62@live.com,be3cbb91414dd6b52dd57509ee47ac89,20220201T224739Z,0
347,169,priceh,priceh@juno.com,d1f91387f55c347e5735a352cffcaec4,20220201T074527Z,0
352,162,gonzalesl,gonzalesl@yahoo.com,8c762ca55087763c2c0360f5d323e686,20220201T193721Z,8
353,119,bakerl,bakerl@sbcglobal.net,4528981b535ee3f6919d453172c5b95d,20220201T063445Z,0
354,110,walkers54,walkers54@att.net,e3f41bffbb4ccb70a0e650b328e129df,20220201T204019Z,0
355,139,scottz,grumpy5@juno.com,55da3a98d41beab7ab07568160a1252f,20220201T132226Z,0
356,140,phillipsa,phillipsa@safe-mail.net,2dd149b5225771978ca0ab3c2d784624,20220201T074908Z,0
357,139,simmonsa,simmonsa@rocketmail.com,f288cbc2ba0dff6bc358025682e82ff5,20220201T082639Z,0
358,151,richardsonj,richardsonj@mac.com,36b1aa000159573de4057778ab27dbbf,20220201T191731Z,0
359,175,riveral742,riveral742@hotmail.com,399a3a6b23f303c16d2599f02205ac48,20220201T180612Z,0
360,197,lopeze,lopeze@mac.com,d990c5afbd2c1019b78c9f5ba9b21154,20201124T102408Z,0
361,171,barnesc,barnesc@mail.com,e3cb17766cc7d894d1712468271b6d6c,20220201T083849Z,0
362,114,jenkinsw,jenkinsw@mail.com,1c58d26c7beeec0d67cdca97611049b9,20220201T055905Z,0
363,112,fostere,fostere@rocketmail.com,45fe4b22d35f30bf639ddd259bac98d4,20220201T204204Z,5
364,129,carterg,carterg@mac.com,0d972becc7b69398baf45e93678a2c75,20201122T194400Z,0
365,148,rogersm,bashful2@mail.com,e1cba26e67d42c7f09d09afdce57542f,20220201T040020Z,8
366,100,riverab,riverab@me.com,ea3c3a8cdca0b13bd4198b4757b5aa90,20210401T140015Z,0
367,161,baileyl,baileyl@facebook.com,e8d7ea33127f166dd84701b3b114d46a,20220201T015439Z,0
368,157,hillg,hillg@safe-mail.net,3619440f71a9ffdabf69bb9f9e1e88d2,20220201T154211Z,0
369,184,robinsonl,robinsonl@rocketmail.com,62d934a98baa94eae5e622ac48a4807c,20220201T035853Z,0
370,168,perrye,perrye@juno.com,8a99925c91f91d45f3cc7216fc274798,20220201T090210Z,0
371,184,morrisl,morrisl@att.net,e44a831f2110ceea1de0ab86f60d3c8c,20220201T112627Z,0
372,183,thomasw472,thomasw472@aol.com,19e5b460d81597148fb0943ecefe6b82,20220201T165328Z,0
373,155,sandersc,sandersc@mail.com,a4581837f876f06815da8a784eaecdfd,20220201T214259Z,13
374,181,ramirezj,ramirezj@rocketmail.com,93a79c12f13f174bbdca26bca5acc32c,20220201T040947Z,0
375,112,brooksa,brooksa@mail.com,e77c18894e7fe65902c08b2dbbd46951,20220201T130823Z,0
376,164,petersona,petersona@gmx.com,1b25224d2830229012a9c3c41e068479,20220201T031520Z,0
377,194,alleno,alleno@charter.net,278a44d607341d6d143ac5d7f07a88a6,20220201T125613Z,0
378,127,younge,younge@yahoo.com,e07e19689587873a88f23de0fb0f40d4,20220201T171138Z,0
379,174,davisc828,davisc828@safe-mail.net,79f3b7eb2c2c8ef37e113c30635e68b4,20220201T231840Z,0
380,167,colemanl470,colemanl470@games.com,b459b4abf17d042ebfba1cbcb6f95bcf,20210228T030647Z,0
381,126,longl,longl@games.com,0b0854dd3d730921a0bd161dd0c0917d,20220201T103217Z,0
382,191,barnesc356,barnesc356@lavabit.com,8895da4540d71bc450876e72b7cf52b8,20220201T104531Z,0
383,150,kellya,kellya@games.com,a31000fbf59475c463ccdc5fd9f777fb,20200909T231658Z,7
384,151,brookso,brookso@mac.com,f3b78612ea2f4be1b7b5a80a15e79283,20220201T063051Z,0
385,151,harrisc,harrisc@charter.net,c1dc0e6562166a79ad5587f7964c09c0,20220201T061353Z,0
387,147,kellyl,kellyl@google.com,393c0825ee0cdb4a079bd2528953096e,20220201T160453Z,0
394,128,davisa,davisa@gmail.com,1622ad5011dd88499656e95102373905,20220201T144437Z,0
395,130,bennettl,bennettl@hotmail.com,67e6a160258e957bddba56a3dcfdf967,20220201T220208Z,0
396,196,walkerc,sleepy4@email.com,a6f9d4b896816a49611e130d4e8205fb,20220201T062649Z,0
397,144,harrisc668,harrisc668@juno.com,5e30eccb1b3655b95439b957864d18c2,20220201T203024Z,0
398,143,gonzalese,gonzalese@email.com,fb833aab7893962dfab2978f03ace462,20220201T225022Z,0
399,145,diazc,diazc@charter.net,a5cb1c088b43580b873a1d9cd2584669,20220201T231834Z,0
400,104,campbelle,campbelle@google.com,66c7d6936e9365d10c00163bef73bc66,20220201T211624Z,0
401,130,andersonl,andersonl@rocketmail.com,82f760601a62cae9a4f50d586373600e,20220201T204907Z,0
402,179,thomasa,thomasa@games.com,e3e051294c7b048b4a347a3744d3dce1,20220201T160833Z,0
403,177,taylorj143,taylorj143@mail.com,6689260d5c72a38f9acb79488ce1c301,20220201T032505Z,0
404,174,wrighta618,sleepy99@cox.net,5fd147914e9e4568ec6ff3215e8095ca,20220201T034112Z,0
405,133,lewisa,lewisa@bellsouth.net,ead0ffb4f14136720a06cdfe591abb00,20220201T014558Z,0
406,184,simmonsl,simmonsl@cox.net,66c4e040522dbf304a7c4b13d2a19da7,20220201T012158Z,0
407,188,taylore54,taylore54@lavabit.com,7ef4c944806f3eb085bf2c3611a30770,20220201T102912Z,0
408,178,griffina415,griffina415@games.com,529af68b6d7d09d6e12cbd3da57feaba,20220201T115836Z,0
409,145,millerb,sneezy72@safe-mail.net,9597c1ffae30e770cd2bd7bb09d540e8,20220201T171842Z,0
410,110,adamsj,adamsj@google.com,48c3d93d342b0c366221e35eca643c2c,20220201T043044Z,0
411,142,mitchells,dopey81@aol.com,ae2fc693dfef4404e4882332940450d4,20220201T125650Z,0
412,143,clarks,clarks@games.com,5274dbdcdbb87e2dde61c536385fbb90,20220201T101433Z,0
413,169,garcias,garcias@verizon.net,bf4ef5a1daa2bfe11ced943eec4bbe2c,20210116T011216Z,0
414,149,walkerv,walkerv@games.com,699bfa16c1051de3f6ef801fe4ac7ddc,20220201T211129Z,0
415,146,wilsona,wilsona@sbcglobal.net,59af3feae941e76dda8d0d88d19119d3,20220201T162506Z,0
416,109,ramirezd,ramirezd@mac.com,a05bdc2e536c826def08a5b7b39647e7,20220201T162259Z,0
417,129,pattersonj88,pattersonj88@earthlink.net,a052f961e7f86a833fb19d99122e2edc,20220201T022730Z,0
418,102,martind775,martind775@outlook.com,2522a3f1943a922abf9187a23907e0d6,20210428T173900Z,0
419,168,jamesj,jamesj@earthlink.net,11aa403411f0b673ae93f7908940db4d,20220201T101133Z,0
420,131,woode403,woode403@bellsouth.net,957666ac848255da6b7aba4aec74238a,20220201T120153Z,0
421,152,harrisl821,harrisl821@earthlink.net,f82d5f8bbd0ae94d64c5e70d35d7b925,20220201T154416Z,0
422,147,torresg,torresg@earthlink.net,56ef529285cdc167f41406dcde20ca9b,20220201T114421Z,6
423,119,bellc,bellc@yahoo.com,cb7d6d87bead0f80cf7072705f1b9d80,20220201T103305Z,0
424,160,sanchezl,sanchezl@facebook.com,a7801ab8796d460c5ad727e0f15b44bb,20220201T074816Z,0
425,166,lewise,lewise@comcast.net,d3afde025397bcfd3ec8c66acc62047f,20220201T052015Z,10
426,185,fosterh,fosterh@outlook.com,d1b07b2875d8541a2a9e4022c61c5c2d,20220201T130509Z,0
427,129,collinse,collinse@gmail.com,212cf71685d2740d49684254c81ea18d,20220201T094804Z,0
428,143,bellg,bellg@facebook.com,de2f3eeb83f8a561402c747b9ecb88bf,20220201T091454Z,0
429,114,russellc,russellc@mail.com,9e3c897aa5334d9a7078c7fff429a002,20220201T172535Z,0
430,174,smithj,smithj@bellsouth.net,03446a68e1c948f1cae46d21af710cc7,20220201T120127Z,0
431,140,simmonsm,simmonsm@aol.com,7c8e2f81aaf0b12cf61ce609c869effb,20220201T110328Z,0
432,155,richardsonh,richardsonh@lavabit.com,a7ca006b702f85c5b02ee6d0a04a926e,20220201T164239Z,0
433,117,howards,sleepy15@cox.net,05a104afd5c4dec5910ca4a17ae45f27,20220201T003456Z,0
434,184,warda477,warda477@verizon.net,273f4b0ae3267f091ddad4382f866004,20220201T074145Z,0
435,158,rogersa,rogersa@mail.com,67f2ffdb43e1c38c79b177677bfe7b5e,20220201T153009Z,0
436,174,butlerb,butlerb@verizon.net,4f42b8f41f33b10a639884fb0d64f939,20220201T005721Z,0
437,197,reedz,reedz@email.com,5b0d41348fa8abebe12df6caefd0edb4,20200323T104143Z,0
438,148,alexanderc,alexanderc@email.com,0ef938c7ad7005606f89450cd2905d12,20220201T163410Z,2
439,130,hillj,doc24@me.com,e32b7f75e53c7479fa57361bdb5223a2,20220201T114948Z,0
440,147,ramirezj105,ramirezj105@inbox.com,50845f159a7a8bf7187202258b70e657,20220201T014248Z,0
441,167,stewartc721,stewartc721@att.net,018eecd09f2737a2c4d6ceff86b33e04,20200723T061016Z,0
448,148,leea,leea@att.net,850d1fa422aa33b962b447619f39fb87,20220201T122337Z,0
449,125,youngs,youngs@aol.com,57108bb64e17cb784141ec3c52932a0b,20220201T145033Z,0
450,183,jenkinsa,jenkinsa@cox.net,bb65c2e0e30b55f0e0d33b9c1365174b,20220201T230756Z,13
451,169,washingtona,washingtona@google.com,73ec2800cb4cd23a5859c6cd0bc7403a,20220201T213426Z,7
452,128,jenkinss,jenkinss@comcast.net,fabc46076ad9af5ba45ce9287f46efdc,20220201T144808Z,0
453,121,alexanders,alexanders@games.com,5c5fa057c9086f331d134ac3423f715b,20220201T083251Z,0
454,154,johnsons,johnsons@yahoo.com,87cd4d00ffd8c8a76a81f2b8a834f9b1,20220201T123639Z,0
455,147,williamsb,williamsb@hotmail.com,a2860775c2286873e8d81625c0c564b7,20220201T000850Z,0
463,152,rodriguezm,rodriguezm@charter.net,9d7d5f6904d76e268de5d0615ac614d5,20220201T180425Z,0
464,118,richardsona,richardsona@gmx.com,1765839ab3c7055bed64501d355f13dd,20220201T195100Z,0
465,141,fosters,sneezy44@att.net,cddcb430a9a823f18269bfd2d36ab7c5,20220201T023240Z,0
466,165,murphya,sneezy91@hotmail.com,e972af168e2445569f8b57325294fbb0,20220201T225406Z,1
467,148,gonzalese832,gonzalese832@games.com,edc209f6b11b18682d166eea1ed08f44,20220201T132753Z,0
468,156,powells,powells@yahoo.com,4d550a95c8e2f34778fbd686682d2789,20220201T101624Z,0
469,180,cooks,sneezy81@verizon.net,0ee5ef4cb7756073e3c49312e14f8c8a,20220201T135518Z,0
470,143,simmonsc,simmonsc@charter.net,4541f75e781ee01d5ff25a3182a8bd86,20220201T074730Z,0
471,115,leew,leew@google.com,d01f3871cc3b8683273be072bf03c7a8,20220201T195916Z,0
472,170,parkeri,parkeri@lavabit.com,7105b6b5ab380fcbc18857ab9a9ec844,20220201T123313Z,0
473,172,riveraa,riveraa@outlook.com,cdf45cd6d31bdeca6e08784f69cbd236,20220201T104004Z,0
479,193,sanchezs351,sanchezs351@verizon.net,3f7773f41ae92738f24ea360af7bb5aa,20220201T064614Z,0
480,191,coopers,coopers@mac.com,fa03c251b70493386b289d9ab2ff3f8a,20220201T154326Z,0
481,177,hillj430,hillj430@facebook.com,403855442ab66a75ea2e7d8198bfa9ae,20220201T234057Z,0
482,152,watsonb,watsonb@bellsouth.net,5b106309e0c16332bde76462face4c7c,20220201T222634Z,0
490,122,stewartn,stewartn@charter.net,58a7a7a9bed738d6b836482929de43b2,20220201T002741Z,1
491,121,whitej,whitej@gmail.com,e80a3bf13d6f94ff57a016d4b872cd2a,20220201T180459Z,0
492,193,reedc,reedc@outlook.com,018fb05f9f2e5c427e61e0e63337371d,20220201T222615Z,0
493,134,petersone,petersone@facebook.com,d682fd55b47b70d0c4a5be0d3d90ff9c,20220201T104632Z,0
494,116,brownd,brownd@sbcglobal.net,ecc0a03ad16f3bdf95039c9c29dae6cf,20220201T042029Z,0
502,141,jamesb,jamesb@mail.com,8a616d6c6c3ffd4a910f68d092d05ff1,20220201T092140Z,0
503,142,allenc,grumpy35@cox.net,27ecdc78f39ffefad61e0e1311c93770,20220201T001628Z,0
504,120,gonzalesj,gonzalesj@facebook.com,73e19769995a142fdf70ea121f2a07fc,20220201T045514Z,0
505,113,petersonc,petersonc@yahoo.com,70858b0b69709fbec1e20c6a5dd86e43,20220201T131051Z,6
506,131,hughesv,hughesv@hotmail.com,dfc57bd5e7e5441e4d2f10730748b7c1,20220201T150044Z,0
507,145,fostera178,fostera178@juno.com,778761af985e637d2b263c63f08e25d2,20220201T032902Z,0
508,105,walkern,dopey73@inbox.com,890b988d9b149036dff1b7933b650eba,20220201T211408Z,0
509,155,gonzaleze,gonzaleze@hotmail.com,b65eea821e17d2ef945acbe32be5998a,20220201T143131Z,0
510,181,jenkinsr,jenkinsr@comcast.net,31b1fb03876eedecb11289aeebf75271,20220201T193320Z,0
511,133,morgann670,morgann670@gmail.com,0a58a00f5b75afe759462a26be68c92c,20220201T170054Z,4
512,131,mitchelle,mitchelle@live.com,f585c41d4ffb98a3046f5bdd22e496ca,20220201T125306Z,0
513,162,howardl,howardl@google.com,6b53c672fbf55848f3eb7efdf8476530,20220201T163204Z,0
514,166,griffins,griffins@inbox.com,e5e4d331000bc855585375e9de96f6e0,20220201T232141Z,0
515,103,davisl,davisl@earthlink.net,b18d00b885258fa5b8cda54c39c3e312,20220201T160011Z,0
520,134,hughest,hughest@mail.com,8da4d789228b0a9801ade40b95052644,20220201T135658Z,0
521,183,scottd,scottd@yahoo.com,1bc7dfb96fb87397bc9e5540846f2133,20200922T201347Z,2
522,170,perryl,perryl@juno.com,9c4c497a79acd43ce900ac7667090bd2,20220201T203443Z,0
523,119,martinc,martinc@live.com,d4ed27a7b8b6c163c9aa849e6dfa5d81,20220201T033613Z,5
524,112,whitel603,whitel603@att.net,72a0705d9a57d1ca2ebcb6c3a530dce4,20220201T095249Z,0
525,164,jamesa7,jamesa7@gmail.com,aaec0e4f8e1205beed5141dfa60f5db6,20220201T071216Z,0
526,125,sanchezh,sanchezh@safe-mail.net,b3fb68b52af6d42c8eb0ad2532cd6805,20220201T125131Z,0
530,126,mitchells522,mitchells522@aol.com,4449ed6909ac89f8c4f1b48fd4ae64d2,20220201T005246Z,10
531,157,williamse,williamse@rocketmail.com,c4de479721ec505566d762aeb4216857,20220201T084650Z,0
532,139,grays842,grays842@facebook.com,5c8692cbd11dde25727bf428e0e56ef0,20220201T175828Z,0
533,124,harrisc186,harrisc186@gmail.com,71fe8e421c336923bda4538ac2441a60,20220201T085354Z,0
534,129,hillb,hillb@charter.net,45fe4c437f05bc1acc03d43d442982fd,20220201T193711Z,0
535,166,colemano,colemano@games.com,eeae7a56350830f642eedb50d968eca1,20220201T062912Z,0
536,193,powelld,grumpy53@inbox.com,a7628b7c60375cb46c415f3c117112bc,20220201T094553Z,0
537,169,bellj,sneezy51@cox.net,7bffc8b9ed52dcf1e8c27e01262cacdd,20220201T233146Z,0
547,152,collinsl,collinsl@email.com,37dff94d2845fbf24446de9e230c05b9,20220201T002315Z,0
548,159,perrys,grumpy21@email.com,d7e6d62af2919662b1243b19cc96c9d0,20220201T075750Z,0
549,191,jonesl,grumpy27@hotmail.com,b54f09ea5a74bff349c131b83d1ff69e,20220201T002741Z,15
550,186,gonzalezb,gonzalezb@games.com,03fb90498b2773f06e7873cc1f0f8bc4,20220201T164033Z,0
551,101,rogersi,rogersi@me.com,6f893e8dc559a5067dc9a380358f8e57,20220201T164726Z,0
552,132,jacksonc,jacksonc@verizon.net,ba5d67c7b2a5678cdd4f8eaec709e7db,20220201T041353Z,0
553,186,evansl,evansl@rocketmail.com,1c58de28ab55cc5ab7c7782201b3a617,20220201T103822Z,0
554,185,hendersona,hendersona@verizon.net,874778680e2ef5bac1cbf0bc261eb9e4,20220201T050712Z,0
555,104,morrisa,morrisa@mail.com,41e528c700b2c25e2ea21b0af42d75ce,20220201T214043Z,0
556,194,coxd,sleepy13@safe-mail.net,d2fb3c42cbe0e8e8ac20f7c0ac4e59b7,20220201T051742Z,8
557,181,robinsone,robinsone@me.com,0e0b1e7e97976ce1610e17d7592a4e8e,20220201T071956Z,0
558,100,leet,leet@gmail.com,3d1957f11d72d00f786f36390bd06491,20220201T063158Z,15
562,181,smithe,smithe@att.net,40b8b02739059fdbb6522859e9ba6970,20220201T182217Z,0
563,151,scottn,scottn@live.com,4779fdc16653eab1167344ed6e5efccb,20220201T055542Z,0
564,173,andersons,andersons@mac.com,ba2de9a815776ecd9f359791cf51b3c0,20220201T211239Z,0
565,155,bakerj,bakerj@outlook.com,a1a6227c3a85ac3e0eac460eb654d9cc,20220201T234813Z,8
566,153,colemans,colemans@gmx.com,9f07ef310a87cf1aa16a4558181c13d4,20220201T212123Z,0
567,194,cooke,cooke@outlook.com,cb6e6e1bb4707b7d33fe1d1f4aa951f7,20220201T224957Z,0
568,127,kellyj,kellyj@sbcglobal.net,742f4ca8f10b20a54bc66df64c575e71,20220201T063906Z,0
569,198,ramirezl,ramirezl@lavabit.com,2a26bb6b24fcdb9f81d24f5c63109f4b,20220201T025023Z,0
570,136,hernandezj,hernandezj@gmail.com,e514e8b28df7e45f9d9d3e22e4f272db,20220201T052336Z,0
571,123,cartero,cartero@inbox.com,68c24e0fee779c45b95991ce80e48fda,20220201T213221Z,0
574,163,morrisl811,grumpy74@rocketmail.com,0a9f7bd08a27505bf853bbede51ef68e,20210721T081014Z,0
575,163,williamsw,williamsw@mail.com,8b0e65eba219f72eea16cc3afdc057c1,20220201T055010Z,0
576,176,davisc167,davisc167@yahoo.com,1322d20df0286abc710dedaccc7bec33,20220201T194626Z,0
577,194,butlerg,butlerg@facebook.com,653e654c8a3445fa23d6259de242900d,20220201T021553Z,0
583,180,phillipsl,phillipsl@cox.net,ecef0a6a3b1ccb118fa8f2d264cf2a67,20220201T021013Z,0
584,109,moorev,moorev@mail.com,38f9084da14525ba61178e1930ac6a71,20220201T150614Z,0
585,193,cookl,cookl@mac.com,141b3a079fe2d76965ae98cda8faf9a3,20220201T063152Z,0
586,150,moorea87,moorea87@safe-mail.net,c40c388a3297ae4791a446366dcbbf27,20220201T032238Z,0
587,122,martinj,martinj@verizon.net,385bfafc6fc0f4a497958766c2b9dcf8,20220201T220640Z,0
595,184,morganl,morganl@rocketmail.com,47afee155ce8e0633181aed521ebafb4,20220201T235143Z,0
596,109,watsonj,doc98@live.com,f75602455ecd55986d53dcb06e6a649c,20220201T023825Z,0
597,198,jenkinsl,jenkinsl@earthlink.net,6657b1a36347f99f8a5115245b27c3d4,20220201T033747Z,0
598,127,reedl,reedl@cox.net,cfa7594c7ee2cdb96e6408498621dcc8,20220201T163812Z,0
599,101,jenkinsv,jenkinsv@inbox.com,bb9d4c4d2ab303aad25ac49f7d55c379,20220201T235735Z,0
600,124,riveraw,sneezy19@gmx.com,bd192dd6455f1771c11abd802a34ac01,20220201T211716Z,0
601,164,floresn,floresn@bellsouth.net,19b8c543c4a239bfd6f6c0a3a58b57f9,20220201T211413Z,0
602,194,evanss,evanss@me.com,0cad7e222fc29c5e983774cf4dd8caa0,20220201T171414Z,0
603,136,wrightm,wrightm@att.net,769b895b8d9dedbf0c8acfd58b6afe50,20220201T092714Z,0
606,158,sandersp,sandersp@lavabit.com,25248886ae45a8d976319d0c6ccfde1b,20220201T034528Z,0
607,131,kellyn,kellyn@juno.com,33f86953b5700e7a00b570afd17afb42,20220201T184427Z,0
608,181,leem,leem@sbcglobal.net,844fb6e23aef70578c28433621889ab9,20220201T142559Z,0
609,124,colemanz,colemanz@me.com,ce3ed6c3197066abbe51575f8ea0d0a2,20220201T105807Z,0
610,174,carterl,carterl@facebook.com,ca1c129ea04f5295d9c27e82bfd02ccd,20220201T171349Z,10
611,161,wilsonr,wilsonr@me.com,d64d86e23948462ac6e0f2cb41f2f32d,20220201T194712Z,0
612,156,wilsonr80,grumpy38@mail.com,c76f768f28b6bf0c5c3bcf3311d45af4,20200406T043454Z,0
613,137,hilll,hilll@juno.com,183e0464d401b8ca85c5c84a6197c548,20220201T024945Z,0
614,142,warda760,warda760@verizon.net,f4419049149e7a905f7cd1366afb3b88,20220201T013326Z,6
615,175,watsonc,watsonc@charter.net,499203850b3497869d86a5535d4f56db,20220201T165445Z,0
616,112,colemanl37,colemanl37@email.com,92e6c00fedd14f412bfa6564794bd6da,20220201T233728Z,0
617,116,torresa,torresa@me.com,d00038b53a1bdabe6639686122e6450a,20220201T064854Z,0
618,173,butlerm,butlerm@me.com,dd00b21ef8b396bd11716e121cff340e,20220201T163114Z,0
619,131,martinezl,martinezl@lavabit.com,acafa34b0c9267e49cd20d3abd41adaf,20220201T140846Z,0
620,170,griffinn,sneezy33@aol.com,cbe652af9480b1dafbe2687666ba4305,20220201T205922Z,10
621,179,hernandeze,sleepy31@att.net,1b2747cce27330f530db2edbd116c73e,20220201T021413Z,0
622,194,pattersonj386,pattersonj386@sbcglobal.net,1e7aa5ecc11be382d17d75bfc65a3110,20220201T035655Z,12
623,139,martint,martint@mac.com,1a77bbeac183b55a781265c6554534fd,20220201T224619Z,0
624,116,jacksonl,jacksonl@games.com,cf0b471473b06ad503005be9ace0be2c,20220201T162930Z,0
634,185,jenkinsn,jenkinsn@verizon.net,16a1fd5d861f989d167cc6bc1a7069f0,20220201T102416Z,0
635,144,evanse,evanse@sbcglobal.net,0608835d39b2b288df0a61adfcf557ba,20220201T151717Z,0
636,176,bryantr,bryantr@aol.com,1188bc32afc31ef2f2890fea17ec0db1,20220201T143927Z,0
637,134,pattersons,pattersons@comcast.net,a364b1361c6c69e0d7c19c36451f784f,20220201T071636Z,0
644,181,morrisb,morrisb@cox.net,d37da422dc4c54ae249f6e7565223d39,20220201T161847Z,0
645,100,sanchezm,sanchezm@att.net,3ec0dc5efbdf5439780801e0f24430eb,20220201T073315Z,7
652,174,cooperm,cooperm@cox.net,aaf87af137f5adb4c9aeaee926ffa40f,20220201T023904Z,0
653,125,alexanderh,alexanderh@att.net,03ec546d5bb98a096e0d8f2308d8ca38,20210206T013637Z,0
654,192,hernandezt,hernandezt@mac.com,9fb0acc184fea73b4360e9b599d3a2db,20220201T072242Z,0
655,178,woodm,woodm@email.com,406eff4dba27c2c27a86a59a9cbc648d,20200612T235554Z,0
656,101,rodriguezm55,doc90@charter.net,704b01c8057e5b54f1494b6bf152fb56,20220201T161231Z,0
657,176,barness,barness@me.com,e8c254f99afad998ce5bbe282926b603,20220201T205028Z,0
658,133,scotto,scotto@gmail.com,c3776dc7788d6d95ef9e520ac27867b0,20220201T001626Z,0
659,101,martinezm,martinezm@aol.com,1330e461e99ce3c6d7f4895a020adffc,20220201T090805Z,0
660,127,perezs,perezs@rocketmail.com,9a8b20fbaa9c5ad90c0cc7e18709341a,20220201T225831Z,0
661,114,petersonm,petersonm@hotmail.com,5d452cfb118ae05e02416ba1ce77a0fb,20220201T101059Z,0
662,130,millerj,millerj@lavabit.com,1ec13358613c341b255a3d1a28fc04db,20211117T043958Z,0
663,144,floresj,dopey76@mac.com,2fdd0ebd094103737ae5ef61cf720365,20220201T174742Z,0
664,112,petersono,petersono@mail.com,e6771574737cea918179a31d4dd3b6fd,20220201T041902Z,0
665,108,robinsona,robinsona@lavabit.com,e4a170d891b66620cf54e78ea0164a6f,20220201T114211Z,0
666,159,floresa,floresa@yahoo.com,b57a85e96f12bc1e581af359e58ec1c2,20220201T031330Z,0
667,125,floresv,floresv@juno.com,958eae5ac624ad0dbdbae2f2302c4463,20220201T043152Z,0
668,126,allene,allene@outlook.com,55b71a965f1cdd37cbd671dc74f9e2fc,20220201T142835Z,0
675,104,bryanta362,bryanta362@games.com,9979d14a40ba492781849cc177c47541,20220201T014639Z,0
676,111,moorer,moorer@mail.com,46aa396505bbaaaf5c0bbd713d6c6696,20220201T054714Z,0
677,189,pattersoni,pattersoni@games.com,dd27c65f09c737c72cef391f295f8ea6,20220201T175806Z,0
678,117,turnerm,turnerm@verizon.net,2106efdb382a63868f027f39e2257c70,20220201T124706Z,0
679,174,butlera,butlera@google.com,82123d55923c916fb5867ad224bdc0a1,20220201T182421Z,0
680,158,youngs410,youngs410@lavabit.com,890b988d9b149036dff1b7933b650eba,20220201T005028Z,0
681,121,edwardsm,edwardsm@me.com,79eac0798f4cd6e34d45a7d9d53118fd,20220201T154824Z,0
682,188,kingl,kingl@cox.net,fa7d3082ce768d55d349b7de4a247d36,20220201T162402Z,0
683,190,hallr,hallr@gmx.com,3fcdd58f9b6fa3519e8f3aec3f96d0bb,20220201T225211Z,0
684,121,kingn,kingn@bellsouth.net,dde3c3dca9ed2b25a05e10c001163d9a,20220201T120415Z,0
685,123,evansh,evansh@cox.net,0f3777a00065cae0301f75e2ba721f6c,20220201T060715Z,0
686,116,robertsl916,robertsl916@bellsouth.net,0f10635c2de30d62be064cbaf4fb2210,20220201T053011Z,0
687,116,jenkinsa793,doc86@mac.com,6d4658b46ee62506b08b1193116ecfed,20220201T180055Z,0
688,200,watsonv,watsonv@gmx.com,d68f46b84e3dadd7e4eae4b2fcbb8fee,20220201T041359Z,3
689,108,stewarto,stewarto@games.com,c2ea230e8036f7fcd7ae12cdb49b0714,20220201T194727Z,0
690,132,millere,millere@inbox.com,2b8483a3eab303d872b652f17343ae9a,20220201T191517Z,0
691,190,grays385,grays385@mail.com,f4ccf322f1b2018192a94180f508cd87,20220201T195049Z,0
692,150,torresj527,torresj527@juno.com,7399ec2d60c214b526fce6b777c4da53,20220201T044205Z,0
693,187,jamesc,jamesc@games.com,aa10e8311bce15ca80e29caf4df4ce4c,20220201T034326Z,0
694,139,hayesa,hayesa@yahoo.com,84f7953c5c8c3de6ee78e4cee17ebd80,20220201T121225Z,0
695,148,wrighta753,wrighta753@inbox.com,2781a655cfd9b1e5039ef2f1438b5427,20220201T214950Z,13
696,189,pricee949,pricee949@gmail.com,c99fc6c645aaa31c6561e4f3863ad5b4,20220201T044926Z,0
697,142,williamsj,williamsj@yahoo.com,a291cca094050f85b9e9c09ec34b6f33,20220201T015610Z,0
698,130,butleri,butleri@sbcglobal.net,cfa7594c7ee2cdb96e6408498621dcc8,20220201T123208Z,0
699,119,robertsn,happy68@gmail.com,58834254a3e79b9b6f4f239e58908e99,20220201T021924Z,0
700,126,sandersc392,sandersc392@safe-mail.net,abaa590906662f6ba82e13e439e5b74c,20220201T193633Z,0
701,128,jenkinsj,jenkinsj@games.com,89d162fab72dca5dbd3360ecc3784d7e,20220201T082938Z,0
702,178,stewartm,stewartm@google.com,ce08a43635a7d07c70df35889b3f042a,20220201T152341Z,0
703,120,rodriguezm933,dopey11@outlook.com,5036e2e9e9daa3b51ca2ae0afcb3332a,20220201T220659Z,0
704,162,bennettm,grumpy18@lavabit.com,87e476e7806e3649267c3d4f48bc9236,20220201T113417Z,0
705,141,diaze,diaze@bellsouth.net,db8f33b02028897bd338513382cd75e8,20201005T012159Z,0
706,180,edwardsm549,edwardsm549@aol.com,77b8a0645112324098d49f17aac49535,20220201T110632Z,0
710,162,sandersr,sandersr@comcast.net,600dd6c6760db95722a00ec980603d9d,20210719T165659Z,13
711,127,sanchezv,sanchezv@rocketmail.com,e86dbd7bb575a1e8e0d51789aff3eded,20220201T023227Z,0
712,139,coxi917,coxi917@mail.com,402ed78c2aad9daa16010a24ab39395d,20220201T110758Z,7
713,129,parkerv,parkerv@hotmail.com,a42332734e0b8b059eb00f597396cec9,20220201T220303Z,0
717,108,russelln,russelln@bellsouth.net,72a4a0bd8c8728c13b6e4296a7e0ebb8,20220201T023106Z,0
718,114,griffina575,griffina575@gmx.com,75ef8a6e11962edb61935139d77dd295,20220201T014519Z,0
719,181,perryz,perryz@games.com,ab30608511695c406840a626c306381a,20220201T201502Z,0
720,200,morrise,morrise@me.com,41bb0e4bb2a0ab9b63f2f304bc8f15fc,20220201T191131Z,0
730,134,butlera324,butlera324@me.com,2c5758f766a8fbb5296568e98978b83f,20220201T174334Z,0
738,149,clarkj,clarkj@mac.com,63875aa8c4ed2c911667d70b4eaec4a8,20220201T000513Z,1
739,193,jacksonb,jacksonb@aol.com,2ade3698914cf1a9d8c0427398a37961,20220201T221426Z,0
740,140,floresr,floresr@comcast.net,d6355ffd16312836906f64d2796fabb9,20220201T043130Z,0
741,100,colemanc,colemanc@email.com,774e5d3b7ab3eda85aa8c138e0471ea7,20220201T182516Z,0
742,140,cooperg,dopey60@sbcglobal.net,6c5d750ec90b8799d89e522d28936a61,20220201T104952Z,0
743,183,kellym688,kellym688@att.net,1f62c69bdb14bb0a351329f63e47c103,20211221T174710Z,0
744,185,powella,powella@rocketmail.com,ea166d77cbda72fbd835dc8a22cfc081,20220201T145051Z,0
745,100,johnsonm,johnsonm@verizon.net,104051ab8744329470b3fb286c51f2c1,20200928T211632Z,0
746,117,garcian,garcian@comcast.net,4e811a8699171c67cb4a01f2fb020418,20220201T101134Z,0
747,177,bakerh,bakerh@att.net,933631dd947a886b11d100a1419225ce,20220201T220144Z,0
748,170,adamst,adamst@gmx.com,8ff4725a09123c29ea00fc797dc92187,20220201T180254Z,0
749,164,reedh,reedh@comcast.net,04cd84bae6738bd8b52fea24512afca3,20220201T171509Z,0
750,116,ramireze,ramireze@earthlink.net,fe50fbf5de06e1ade02d1210bdb7721a,20220201T043215Z,0
751,155,richardsonj518,richardsonj518@rocketmail.com,4b10535d0a16b0d696e608c662e9dd6f,20220201T213859Z,0
752,183,johnsonl685,johnsonl685@att.net,8f9744ba6c8896cae369ffd2de45ed84,20220201T051426Z,0
753,109,johnsone,johnsone@hotmail.com,43a3ffa91480792539c8a7175e6b6f16,20220201T044946Z,0
754,101,washingtons,washingtons@charter.net,038485fd72f30ffeac93196c3d38648e,20220201T124810Z,5
755,154,murphyd,murphyd@inbox.com,c9d4faa4452b97fc8157f4879dcbaa9d,20220201T200040Z,1
756,196,jacksonh,jacksonh@inbox.com,3c2fcad5d468f5d1560e702e067d68c2,20220201T151910Z,0
757,134,reeda241,reeda241@earthlink.net,8c252a8047d0e43e91e3bebf2ee6be81,20220201T102453Z,0
759,142,martinezm431,martinezm431@gmail.com,09094a7358c56dd9ca068770b0540733,20220201T171220Z,0
765,119,andersond,andersond@juno.com,45a5711917ee442737759691ce60f8c8,20220201T065258Z,0
766,160,watsone,watsone@inbox.com,9f4ca6e38ae8bb8da7350661c6feaaee,20220201T212222Z,0
767,162,butlerm47,butlerm47@cox.net,1792e9e566b1bedb3a9bd6022489ba41,20220201T131207Z,0
768,109,wrightn,wrightn@facebook.com,9422283edeb0be1c6f278e561b3c2f07,20220201T030414Z,0
775,119,rossp,dopey64@mac.com,e4a708e649b5d6b92757de6e7faad27c,20220201T002202Z,0
776,109,brooksa148,brooksa148@hotmail.com,f39088816109a81bc1eb6afcbe079ba3,20220201T003352Z,0
777,121,powella978,powella978@charter.net,05e1a17ff1dfe726a4b7d0b0a94a78fe,20200808T173316Z,0
778,193,taylors681,taylors681@comcast.net,873232a4fd3cb35cb7a15aca64384e5f,20220201T114253Z,0
779,187,brownv,brownv@safe-mail.net,a8731a01f3f297daf12b2a5f14d18d57,20220201T000242Z,0
780,114,ramireza,ramireza@charter.net,49b8fde2b184cf63435ed7d1e0b0c462,20220201T112345Z,0
781,113,colemanz184,colemanz184@live.com,e6fc8ceb05655895ee188c89e0c17b6f,20220201T002822Z,0
782,149,wilsons,wilsons@cox.net,419576eb36324002c9ca3bb9e8c0a73f,20220201T190242Z,0
783,156,pricec,pricec@google.com,c0ed9b47ee19006396e367bb55ad0347,20220201T062828Z,0
784,167,murphyc,murphyc@att.net,9438cf35bedf74718fed03262beb97d1,20200604T081841Z,0
785,111,wardl,wardl@email.com,3fe42823e0571a093ac6bfbf8386984d,20220201T042538Z,6
786,174,clarkh,clarkh@bellsouth.net,e856afeb2874ab5377f1045fce43a0a6,20220201T222950Z,0
787,126,floreso,dopey7@gmail.com,6fa113b18723b83283f18143d38634ee,20220201T063536Z,0
788,107,perezc,perezc@aol.com,4b6bd2047cdec2402113eba09ea7d340,20220201T035614Z,0
798,144,hughesj,hughesj@live.com,afc52fc4136091933033ee1aded1bca2,20200107T174526Z,0
799,189,hendersona201,hendersona201@mail.com,deb024e1811e80af6aff4e45f74ac534,20220201T040936Z,0
800,130,floresp,floresp@cox.net,5bd4ab518eb7855d247b34a3211225fd,20220201T202537Z,0
801,196,baileyw,baileyw@charter.net,c06ee3d2313a3ec5a30bce0a979e210e,20220201T052053Z,0
802,160,lopeza,lopeza@safe-mail.net,46d4d0049f8f9c0f972ad1d17be3dfea,20220201T212636Z,0
803,166,brownl,dopey14@lavabit.com,805b04eac1d9b0cdf673218d4a62b73a,20220201T202658Z,0
804,200,jonesm,jonesm@sbcglobal.net,8d00c163490502a014a206811f1fa4d1,20220201T034921Z,0
805,192,turnert,turnert@email.com,0087a2c6340e4fca4db894f88271bb40,20220201T085106Z,13
806,168,thomasj,thomasj@live.com,0acc82084b7182f405ac6f3061ef775b,20220201T035126Z,0
807,119,mitchella750,mitchella750@juno.com,7676ac8d724fe3d5354bb847ddc2ddc6,20220201T084243Z,0
808,128,butlerc344,butlerc344@gmail.com,ae380c8ecd6930a7d932e82fda6e7f0f,20220201T175324Z,0
809,144,edwardsz,edwardsz@cox.net,cd957e853faaeb9dfa7c723390ee4dcb,20211211T162134Z,0
810,179,browni,browni@facebook.com,f825f7abc16f3230fa8559698fa79d37,20220201T042244Z,0
811,176,hilln,hilln@comcast.net,20e24ac7df04c04c093739a181c03edb,20220201T153646Z,0
812,178,perrys105,perrys105@google.com,27f34ddee2baadb711976b972a5adf78,20220201T082143Z,0
813,156,hilla,hilla@bellsouth.net,7025ce1784fa677b90673b8f0b8beeb4,20220201T214652Z,0
814,163,phillipsd,phillipsd@aol.com,4257e65f7d989c820b2e65cb0f6b5e0e,20220201T040220Z,0
815,185,alexanderh596,alexanderh596@mac.com,0b79dced2f26fa04fd7f415b2b353242,20220201T000303Z,0
816,152,evansj,evansj@juno.com,9979d14a40ba492781849cc177c47541,20220201T030005Z,0
817,168,bello,doc88@safe-mail.net,5d7531522e8186c2fd01eec7e93adb68,20220201T045656Z,0
818,128,walkers278,walkers278@games.com,85221204538b718d8031af267d69d302,20220201T074043Z,12
819,186,cartera,cartera@att.net,4d550a95c8e2f34778fbd686682d2789,20220201T134223Z,13
820,105,andersono,andersono@sbcglobal.net,f8265abf6877f8006a3fa91431dca129,20220201T222548Z,0
821,165,thompsonw,thompsonw@comcast.net,e4fd351006e71137b38dc0d42f42a1c9,20220201T232110Z,3
822,115,clarkl249,clarkl249@safe-mail.net,5b411316d2affb46c1afae2fe85c6032,20220201T193454Z,0
823,200,powella174,powella174@att.net,5e21eccf553462af0911404f0e3ba2a7,20220201T070352Z,9
824,171,washingtons507,washingtons507@inbox.com,d716208e23957e6f09e3409b0a109333,20220201T153817Z,0
825,188,wilsone,wilsone@cox.net,8d36b88802e1c4592c9bd6a82f2956f1,20220201T143912Z,2
826,179,morganm,morganm@safe-mail.net,93447ac90ef0bea34f114636351c6825,20220201T081317Z,0
827,168,powells722,powells722@games.com,e3c60b442af3f7d3a75cb49c3f9efef2,20220201T204501Z,0
828,178,cookl277,cookl277@aol.com,b561f3b993de5115edfb138dcf72ff84,20220201T023121Z,0
829,123,griffine,griffine@juno.com,3b5ddbaed93103eb864dbf1c5833e1b8,20220201T100957Z,0
830,101,sanderss,sanderss@cox.net,8164ae6c9686bdadda3208b21b605d9d,20220201T041339Z,0
831,180,johnsonc,johnsonc@email.com,d620561d4e6da752c9db17bd8bcf281b,20220201T221155Z,0
841,105,hernandezc,hernandezc@gmail.com,6fb0a80c3d02427b2ab2230345b6f093,20220201T134617Z,0
842,180,gonzalezm,gonzalezm@rocketmail.com,b0f22f777b53f74f42e20b2ee979479e,20200608T082123Z,0
843,139,gonzalezv,gonzalezv@aol.com,46d6c1a7c2dc0989f9ad55802a0580f1,20220201T012520Z,0
844,106,brookso258,brookso258@gmx.com,4309caa5eeb461214442491e5bc2f90b,20220201T143125Z,0
845,174,russellh,russellh@att.net,ed1aba5dc1746f3c55857dafd3d2976c,20220201T171148Z,0
846,122,colemanl130,doc69@comcast.net,a9a3294f964a3658023069953e0936bd,20220201T032059Z,9
847,181,cooperm653,cooperm653@facebook.com,567767ee7d529e36437146ef843704ff,20220201T164233Z,0
848,155,diazs,diazs@lavabit.com,105ee521b56db21a6f2ed172ec927c69,20220201T034300Z,0
849,135,browna,browna@outlook.com,1a2b2443827e62e8c0ca9c62eeada163,20220201T224534Z,0
850,172,bakera,bakera@gmx.com,78d13e174ad6e4d2f61cf29ecaee654d,20220201T084114Z,3
851,158,coxp,coxp@comcast.net,72e5e16c0707e51bf87aeb4e0aa4d11a,20220201T044436Z,0
852,100,collinsr,collinsr@gmx.com,4de22a7067796323add7baf6e9375240,20220201T090725Z,13
853,109,davisg,davisg@facebook.com,c15921662ebe869026b3f31fe361b6cb,20220201T192243Z,0
854,182,hayesn,hayesn@me.com,8726382da05c4c4d897c86a83ad72092,20220201T033747Z,0
855,169,leea14,leea14@email.com,95a2fac4f414129112a5f9592acfbca1,20200220T201914Z,0
856,163,morganw,morganw@games.com,728698664f01826b06659934b8b6d098,20220201T040214Z,1
857,162,millero,millero@earthlink.net,5cc4a1970c9038bc5b263d5be79fa33f,20220201T003406Z,0
858,116,longa,longa@lavabit.com,35e8b23fa071d742249ee9dd49d785be,20200611T023139Z,0
859,137,floresm,floresm@outlook.com,5cea38ce7a12af6577569071feb8cbb4,20220201T044517Z,0
860,134,mooreh,mooreh@sbcglobal.net,2e23c035019551b082eedb546ad236ea,20220201T073643Z,0
861,141,youngt,youngt@me.com,68c5667f3767212509b13e23423e688e,20220201T203106Z,0
862,183,barnesc64,barnesc64@charter.net,7930cd8698ac183f86359b4959b93c0f,20220201T171307Z,12
863,157,martinezc,martinezc@facebook.com,689c0be2da3c36650750f93dd2cbd7e0,20220201T055620Z,0
864,186,coxr,coxr@hotmail.com,8f8e3118afef04d44a7178cbf41d3d10,20220201T063653Z,0
865,116,brooksi,brooksi@outlook.com,bb790de177b2115e542387223f1e9323,20220201T133213Z,2
866,187,petersonj898,petersonj898@email.com,b61e080897f16a655aa329d72b11e699,20200922T000227Z,0
867,172,hughesl,hughesl@yahoo.com,d792a0a9a31fad64e7b12ae63e2bd0ba,20220201T114706Z,0
868,175,martineza,martineza@email.com,94684d938eb373fd77f5f8dc92b232d4,20220201T111008Z,0
869,152,greeng,greeng@gmx.com,e1dea50d940ef583799eb1cc9a21de44,20220201T001136Z,0
870,130,sandersr271,sandersr271@inbox.com,fd71465eb37d82e38448c55a2f96a80c,20220201T083054Z,0
871,147,howardj808,howardj808@google.com,ded2b3fee20e5258f73907a5c47ce2a7,20211117T081942Z,14
872,152,cooperc,bashful41@aol.com,481bff96a7d2480ad4acfdcc86e2d961,20220201T232626Z,0
873,190,perezs998,sleepy5@live.com,fefd2861d2701ae0108985f4235df7cb,20220201T101236Z,0
874,191,millerc,millerc@bellsouth.net,99ff71f48c580c9f6f1e551ff773a285,20220201T020436Z,0
875,178,robertsa,robertsa@inbox.com,3a6f91f87fbb380641d7c8f7ff5168e5,20220201T152646Z,0
883,180,floress817,floress817@earthlink.net,ab4117aa55bf4751ba6ef2e07bf5f1ff,20220201T035156Z,0
884,185,martinezc97,martinezc97@lavabit.com,34bfe033b55d31a5b79ebf0f7ea9e73e,20220201T064015Z,0
885,171,hayesi,hayesi@sbcglobal.net,7b4ad328337e57e95ee98bc6486c27e3,20220201T180505Z,0
886,115,morganj,morganj@gmail.com,fbd6c7d1f8028ee6818217f49c53f410,20220201T122024Z,0
887,133,harrisc916,harrisc916@att.net,ab7263577d35aa87f23a5d14d71799aa,20220201T021957Z,0
888,193,russelll,russelll@gmail.com,a2b2979b7182d776387b10aa491c476e,20210528T073740Z,15
889,146,bryantz,bryantz@juno.com,9d7d5f6904d76e268de5d0615ac614d5,20220201T231559Z,0
890,160,kellyj985,kellyj985@outlook.com,a261da3d44b074146df5b377e40d3d3e,20220201T132530Z,0
891,105,hendersons,hendersons@outlook.com,425d417d2bd5e9faa66114d0dc4c0031,20220201T084641Z,0
892,196,morgane,morgane@email.com,89027dc107356804e138a270350fb695,20220201T174219Z,0
893,188,phillipsa640,phillipsa640@gmx.com,014869a5f981aad12165f1cd0078d694,20220201T155847Z,0
894,135,bryantc,bryantc@live.com,6102510e5a7a3ea5608791cb49349d59,20220201T104839Z,0
895,150,bennetts,dopey72@bellsouth.net,8ddf79b04721a1342dc218b122b30c0f,20210107T145828Z,0
896,132,watsonj23,watsonj23@att.net,1c0c7b17436012d1e7065683b767b55e,20220201T144421Z,0
897,137,brookss,brookss@verizon.net,8e6fab0e2ea875a7b31354bc9346a9e5,20220201T124443Z,0
898,161,hughesj667,sneezy14@google.com,1b7dd6325fb6107e4bf26b72832713fb,20220201T172516Z,0
899,154,longo264,longo264@earthlink.net,1a55e2c816a3b997e9fc0a66ffeaf820,20220201T181338Z,0
900,130,griffinl,griffinl@gmx.com,2d17f1ad2cc3312f8df1f144d4e693c7,20220201T205347Z,0
901,107,lees,lees@att.net,0b5644ca5f959cd8bbb7f850d89194b8,20220201T015914Z,0
902,156,mooree,mooree@email.com,dbb3b3519ffa8adad7435cef76b02aeb,20220201T210335Z,0
903,175,edwardse,edwardse@mac.com,1e3638a426473f9f0adacd5ae176da7e,20220201T162118Z,0
904,161,longm,longm@inbox.com,20d0a67435eb1103fa742afc8cddc4ea,20220201T113442Z,0
905,170,youngc,youngc@live.com,351fe0cc4f7c971de7ceddc666b4bc17,20220201T211206Z,2
906,116,harrisj349,harrisj349@comcast.net,a103fd9b03c2890e609b31b5556bd4a5,20220201T235736Z,12
907,192,longz,longz@mail.com,d1ad7b10d6d5491cdfd326eec00d69e3,20220201T174859Z,0
908,107,wardm,wardm@hotmail.com,cd1f16ef8642527c6d7415d8625928d7,20201216T195643Z,0
916,116,robertsm686,grumpy27@comcast.net,e87f0311a75571c8ba38419f721a7c42,20220201T071720Z,0
917,164,warda702,warda702@safe-mail.net,fd01eca73fe89aac6113b47eeff1d3ba,20210828T004154Z,0
918,148,woodj,woodj@gmx.com,457e71016a960cf81b5907babf92d230,20220201T055202Z,0
919,175,bryantb,bryantb@inbox.com,9d4b37c171684979fd46509273674124,20220201T044500Z,0
920,158,torresa973,torresa973@gmx.com,68c5667f3767212509b13e23423e688e,20220201T042452Z,0
921,111,perryl124,perryl124@outlook.com,a9b17130cd3a3728401224bfcaca5ca2,20220201T231742Z,13
922,135,sandersh,sandersh@mac.com,3c934269741bcc39139a29c47a5ab7cc,20220201T211849Z,0
923,191,jenkinsl77,jenkinsl77@hotmail.com,0219ea26f2ef55ae5d767883b1bc389c,20220201T004044Z,0
924,173,griffinc967,griffinc967@outlook.com,15c100d65098c3b710063b4223113b66,20200805T052152Z,0
925,165,lewiss,lewiss@sbcglobal.net,5d64c679297b8747b77b87b78a5a4a62,20200804T133350Z,0
926,127,kingl771,kingl771@bellsouth.net,6cb08fdd58caf080a91237a4a180813d,20220201T120731Z,0
930,168,smithv,smithv@mail.com,72b72a2b01e083f0a78e8f48823ba142,20220201T234716Z,0
931,172,grayl,grayl@juno.com,a9ea91b4ab9015354da0015b840d24ae,20220201T005601Z,0
932,178,davisr,davisr@google.com,c675da0b09c63b4d92b60bc30e64940a,20220201T065907Z,0
933,168,richardsonl,richardsonl@mail.com,0fec8623603069b325a16ec7b11428a5,20220201T033332Z,12
934,182,sanderso,sanderso@comcast.net,1b78c6516790af19beb1371e6f8cf307,20220201T043114Z,0
935,193,gonzalezs,gonzalezs@mac.com,18b08acd5ad9d52e8af94e922680914a,20220201T044947Z,0
936,114,ramirezp,ramirezp@charter.net,06427594c3a0e6815773ebb86167cae5,20220201T111633Z,0
937,197,fosterh612,fosterh612@bellsouth.net,55255b1acbe6e817ae18b7eb5660ec6a,20220201T234905Z,0
938,184,coopera,coopera@cox.net,78fc41ce460f419395cf5a6178111807,20220201T005636Z,0
939,157,rossm,rossm@safe-mail.net,1b3c01dd5f23ef67fa09fdd0c2125c47,20220201T044805Z,0
947,183,lewisj,lewisj@email.com,73b0da26b211e81e019878cfb34a3bf0,20220201T013914Z,0
948,167,parkerl338,grumpy2@live.com,c96c0c521c0824b722ae1f79fff0edc6,20220201T174946Z,13
949,196,griffinc633,griffinc633@safe-mail.net,ad3a8b94e09d26b2570613dde25a721b,20220201T075957Z,0
950,148,riverav,riverav@rocketmail.com,6db8811ea4672dc3d1a8576c2ad00996,20220201T004928Z,0
951,138,younga,younga@google.com,7d105f9edf9179228f28a2e739dd2ad0,20220201T233031Z,0
952,182,phillipsl979,phillipsl979@mac.com,f6cc1ca312c4aaec645820e839c58b7c,20220201T202046Z,0
960,192,halls,dopey14@facebook.com,f61733e7f303519e986110d9f048c835,20220201T135955Z,0
961,188,baileyc,grumpy17@juno.com,f00a8df243f61ace9c70da7f21cd07b7,20220201T061117Z,4
962,184,lewisa518,lewisa518@hotmail.com,d83db249f6b5ea96950bac268f6ea6ef,20200705T233516Z,0
963,169,woodg,woodg@hotmail.com,e86dbd7bb575a1e8e0d51789aff3eded,20220201T154340Z,14
964,171,colemana,colemana@safe-mail.net,1eaa38c378d8dd124e940586cd2551ef,20220201T193517Z,0
965,119,perezs190,perezs190@google.com,17ec1c2472f12453847f17bc5ab020cb,20220201T025359Z,0
966,188,woodl,woodl@hotmail.com,22f041bfc9639848d1cf3a67c57803a1,20220201T210907Z,0
967,133,hallw,hallw@yahoo.com,575019ba3120572584359b47d7ee7a84,20220201T132248Z,0
968,176,garciaj,garciaj@cox.net,5ca3cab732ba66081e2519c9443d73f2,20220201T034802Z,0
969,152,powello,powello@live.com,31869e3bf6f5b5061ff91679670cbfaf,20220201T064943Z,0
970,195,morrisl429,morrisl429@earthlink.net,8f9744ba6c8896cae369ffd2de45ed84,20220201T121109Z,0
971,162,moorem,moorem@lavabit.com,448a0f207b20977b1f0cc83c903024f2,20220201T175721Z,0
972,137,powellb,grumpy93@yahoo.com,31f4586714f62177dad9bc33eaec83dc,20220201T165755Z,0
973,159,jenkinss411,jenkinss411@inbox.com,94919cbc4215b6c22d7709ed7480ea9c,20220201T085645Z,0
974,164,bryanta61,bryanta61@juno.com,049768bc6801a86269c747991fa8aad7,20220201T215307Z,0
975,173,edwardsl,edwardsl@comcast.net,2bcdd970ad1aebdf93501fcdbad5bb82,20220201T061844Z,5
976,117,cooka921,cooka921@sbcglobal.net,718ece1534466b02238af8fa21ddb778,20220201T035608Z,0
977,170,watsona,watsona@hotmail.com,e5e7681998f5857f548e11c31a582bc3,20210524T131836Z,0
978,131,woodj72,woodj72@google.com,6571cb0f7c245c34eba06048cfa9b63f,20210209T005551Z,0
979,172,thomase,thomase@earthlink.net,52bb969e74306d082f6c36e5d94e6899,20220201T054345Z,0
980,157,allens,allens@comcast.net,844e25f8e507c90f1e56e6ef33e6b6b4,20220201T085204Z,0
981,174,pricee966,pricee966@gmail.com,07b22478d921a773e87446574381c04c,20220201T163848Z,0
982,127,millerl,millerl@safe-mail.net,5dbd11311c27080e0522c7f40d8243da,20220201T011613Z,0
983,102,graye,graye@verizon.net,0ebf2069117f313037349c6c9b89d550,20220201T230216Z,0
984,175,belll,belll@inbox.com,c6373ecff369d10741011800307a4c5c,20220201T133614Z,0
985,145,longa90,sleepy51@live.com,b9fc4f6da55b1cf5f407515a6547add5,20200413T014609Z,0
986,186,parkerj,parkerj@gmx.com,8d359c92d10418848e9b17a3b15747a9,20220201T095830Z,0
987,141,wilsonj,happy83@outlook.com,de0cef05074c06daf4f9690febe09118,20220201T020242Z,0
988,139,wooda715,wooda715@mac.com,e1d2931a614f5e95734cc30c0b2e6e82,20220201T114937Z,0
998,186,belld,belld@live.com,4ec24302ae6aef8116015ae519431573,20220201T192223Z,10
1007,155,woods,woods@facebook.com,a105813907e3b58999cc6ca99b648306,20220201T113654Z,0
1008,147,brookso989,brookso989@sbcglobal.net,32941d289c0470fba619f09e03d63e9e,20220201T072826Z,0
1009,145,robertsj,robertsj@safe-mail.net,dc32845b70c5dace2b2c677ae999273a,20220201T013624Z,5
1010,148,wardj,wardj@comcast.net,4b63d76fd560127ab8ee17f02b5da9e3,20220201T154343Z,0
1011,115,fosterw,fosterw@me.com,eed123793379f9a970051faa6d694825,20220201T172132Z,7
1017,132,woods880,woods880@cox.net,d0756fc8c141151149719dba7b499407,20220201T041604Z,0
1018,146,jacksone,grumpy55@live.com,69b9559bbf7a9db47fb0be0cf91ac55c,20220201T203529Z,0
1019,170,gonzalesj706,gonzalesj706@mail.com,8f55f3a2a9dbbdb7dd6a062fabc254df,20220201T185828Z,0
1020,152,perryw,perryw@charter.net,40c1fd4073ff8fb90993e3f29659c359,20220201T164512Z,0
1021,159,hernandeza,hernandeza@email.com,cdf45cd6d31bdeca6e08784f69cbd236,20220201T111207Z,0
1022,126,kellyn584,kellyn584@cox.net,b006549064bc7ae9bbb23601dec5a3d9,20220201T135039Z,3
1023,192,gonzalesj763,gonzalesj763@mail.com,41bb0e4bb2a0ab9b63f2f304bc8f15fc,20211122T060103Z,0
1024,106,gonzalezj79,gonzalezj79@me.com,54b760afb22edc57c5c2e12807c3243c,20220201T053625Z,0
1025,134,carterc,carterc@yahoo.com,bae18c0dccebdcdb83aba9e4218ed96d,20220201T105905Z,0
1026,103,leec,leec@mail.com,37ed0b4cb450dcd7692601c3223735f0,20220201T184922Z,0
1027,176,smithl,smithl@comcast.net,3fe7fa6699931308ff8ce0dbb3ddb042,20220201T113223Z,0
1028,164,powellm,powellm@safe-mail.net,b44afef81fa136ef9ed101da4d825063,20210216T001459Z,0
1029,129,garcial,garcial@att.net,e06ccee5870b5e4fe78e86afff5145f3,20220201T020007Z,0
1032,108,kingj,sneezy13@me.com,cc7f510fe4199774d7ea862b8ab0ebae,20220201T154937Z,0
1033,113,simmonsa221,simmonsa221@bellsouth.net,ef7e68341ca135f0e04683bef0dfb0d3,20220201T025610Z,0
1034,158,youngw,youngw@email.com,3a9d81db06f179d0ae0abf75a541aaa9,20220201T033055Z,0
1035,119,butlerj,butlerj@gmail.com,91affd5106f046636e1b48ca60811114,20220201T234301Z,0
1036,118,collinsa,collinsa@sbcglobal.net,679c1165d02df526b97273dc89cf35cc,20200909T160342Z,0
